text,user.favourites_count,source,retweeted,retweet_count,created_at,user.created_at,place,user.name,user.screen_name,user.friends_count,user.followers_count,user.location,user.profile_image_url_https,user.listed_count,user.statuses_count,user.description,user.id,user.time_zone
Singapore = Shopping Malls. Right? Wrong! Check out @MarieClaire's guide to off-beat #Singapore #shopping destinations http://ow.ly/5tsIj,2,"<a href=""http://www.hootsuite.com"" rel=""nofollow"">Hootsuite</a>",false,0,Wed Jun 29 23:46:59 +0000 2011,Mon Nov 08 22:45:32 +0000 2010,,STB Americas,YourSingaporeUS,48,313,USA,https://pbs.twimg.com/profile_images/1196022268/YS_america_LOGO_for_TWITTER_normal.jpg,5,85,"For all Singapore fans in the US, Canada and Latin America.  Thanks for your interest and support! You can also find us at http://t.co/AaYYghKeYj",213437036,Alaska
Looking for a 'different' hotel in #Singapore? Then recently opened #HotelFortCanning might just be it http://ow.ly/5pVjc @nytimes #review,2,"<a href=""http://www.hootsuite.com"" rel=""nofollow"">Hootsuite</a>",false,0,Fri Jun 24 21:04:40 +0000 2011,Mon Nov 08 22:45:32 +0000 2010,,STB Americas,YourSingaporeUS,48,313,USA,https://pbs.twimg.com/profile_images/1196022268/YS_america_LOGO_for_TWITTER_normal.jpg,5,85,"For all Singapore fans in the US, Canada and Latin America.  Thanks for your interest and support! You can also find us at http://t.co/AaYYghKeYj",213437036,Alaska
"RT @singaporeupdate: Served up kaya toast to #Aspen F&W crowd. If you tried it today, tell us what u think! #fwclassic http://fb.me/yYV1bcGm",2,"<a href=""http://www.hootsuite.com"" rel=""nofollow"">Hootsuite</a>",false,0,Fri Jun 17 22:44:56 +0000 2011,Mon Nov 08 22:45:32 +0000 2010,,STB Americas,YourSingaporeUS,48,313,USA,https://pbs.twimg.com/profile_images/1196022268/YS_america_LOGO_for_TWITTER_normal.jpg,5,85,"For all Singapore fans in the US, Canada and Latin America.  Thanks for your interest and support! You can also find us at http://t.co/AaYYghKeYj",213437036,Alaska
RT @singaporeupdate: Sorry if u weren't able to taste the kaya toast today! Come back later for satay and Tiger Beer! #fwclassic #Aspen,2,"<a href=""http://www.hootsuite.com"" rel=""nofollow"">Hootsuite</a>",false,0,Fri Jun 17 22:44:02 +0000 2011,Mon Nov 08 22:45:32 +0000 2010,,STB Americas,YourSingaporeUS,48,313,USA,https://pbs.twimg.com/profile_images/1196022268/YS_america_LOGO_for_TWITTER_normal.jpg,5,85,"For all Singapore fans in the US, Canada and Latin America.  Thanks for your interest and support! You can also find us at http://t.co/AaYYghKeYj",213437036,Alaska
Not in Aspen for @fwclassic? Check @TheSpiceTable. 2 STAR Review in the #latimes http://ow.ly/5kDFG #Singapore food! #culinary,2,"<a href=""http://www.hootsuite.com"" rel=""nofollow"">Hootsuite</a>",false,0,Fri Jun 17 22:35:55 +0000 2011,Mon Nov 08 22:45:32 +0000 2010,,STB Americas,YourSingaporeUS,48,313,USA,https://pbs.twimg.com/profile_images/1196022268/YS_america_LOGO_for_TWITTER_normal.jpg,5,85,"For all Singapore fans in the US, Canada and Latin America.  Thanks for your interest and support! You can also find us at http://t.co/AaYYghKeYj",213437036,Alaska
RT @singaporeupdate: These three have come a long way from home to bring #Singapore to Aspen F&W  http://ow.ly/i/d2Z0 #fwclassic #culinary,2,"<a href=""http://www.hootsuite.com"" rel=""nofollow"">Hootsuite</a>",false,0,Thu Jun 16 21:50:21 +0000 2011,Mon Nov 08 22:45:32 +0000 2010,,STB Americas,YourSingaporeUS,48,313,USA,https://pbs.twimg.com/profile_images/1196022268/YS_america_LOGO_for_TWITTER_normal.jpg,5,85,"For all Singapore fans in the US, Canada and Latin America.  Thanks for your interest and support! You can also find us at http://t.co/AaYYghKeYj",213437036,Alaska
RT @singaporeupdate: Look who we bumped into! Kathie Lee and Hoda at Aspen F&W.  http://ow.ly/i/d2H2 #fwclassic,2,"<a href=""http://www.hootsuite.com"" rel=""nofollow"">Hootsuite</a>",false,0,Thu Jun 16 21:49:44 +0000 2011,Mon Nov 08 22:45:32 +0000 2010,,STB Americas,YourSingaporeUS,48,313,USA,https://pbs.twimg.com/profile_images/1196022268/YS_america_LOGO_for_TWITTER_normal.jpg,5,85,"For all Singapore fans in the US, Canada and Latin America.  Thanks for your interest and support! You can also find us at http://t.co/AaYYghKeYj",213437036,Alaska
"RT @singaporeupdate: Candlenut Restaurant's Malcolm Lee 
's debut at Aspen F&W. Showcasing food a la ... http://fb.me/MgUjIMLB #fwclassic",2,"<a href=""http://www.hootsuite.com"" rel=""nofollow"">Hootsuite</a>",false,0,Thu Jun 16 21:49:18 +0000 2011,Mon Nov 08 22:45:32 +0000 2010,,STB Americas,YourSingaporeUS,48,313,USA,https://pbs.twimg.com/profile_images/1196022268/YS_america_LOGO_for_TWITTER_normal.jpg,5,85,"For all Singapore fans in the US, Canada and Latin America.  Thanks for your interest and support! You can also find us at http://t.co/AaYYghKeYj",213437036,Alaska
RT @singaporeupdate: Tiger Beer has arrived at Aspen F&W! #fwclassic http://ow.ly/i/d2sS,2,"<a href=""http://www.hootsuite.com"" rel=""nofollow"">Hootsuite</a>",false,0,Thu Jun 16 21:47:26 +0000 2011,Mon Nov 08 22:45:32 +0000 2010,,STB Americas,YourSingaporeUS,48,313,USA,https://pbs.twimg.com/profile_images/1196022268/YS_america_LOGO_for_TWITTER_normal.jpg,5,85,"For all Singapore fans in the US, Canada and Latin America.  Thanks for your interest and support! You can also find us at http://t.co/AaYYghKeYj",213437036,Alaska
Film festival with a distinct flavor? Check out #ScreenSingapore http://ow.ly/5f8ON From #Bollywood to #Hollywood via #SoutheastAsia #movies,2,"<a href=""http://www.hootsuite.com"" rel=""nofollow"">Hootsuite</a>",false,0,Fri Jun 10 19:28:42 +0000 2011,Mon Nov 08 22:45:32 +0000 2010,,STB Americas,YourSingaporeUS,48,313,USA,https://pbs.twimg.com/profile_images/1196022268/YS_america_LOGO_for_TWITTER_normal.jpg,5,85,"For all Singapore fans in the US, Canada and Latin America.  Thanks for your interest and support! You can also find us at http://t.co/AaYYghKeYj",213437036,Alaska
"@goeatread That's old school on a 21st century toy, but commendable (and probably one of the first that would come to our mind). Enjoy!",2,"<a href=""http://www.hootsuite.com"" rel=""nofollow"">Hootsuite</a>",false,0,Thu Jun 02 23:56:52 +0000 2011,Mon Nov 08 22:45:32 +0000 2010,,STB Americas,YourSingaporeUS,48,313,USA,https://pbs.twimg.com/profile_images/1196022268/YS_america_LOGO_for_TWITTER_normal.jpg,5,85,"For all Singapore fans in the US, Canada and Latin America.  Thanks for your interest and support! You can also find us at http://t.co/AaYYghKeYj",213437036,Alaska
@goeatread You are welcome! Good to know it arrived safe and sound. What was the first thing you did with your new toy?,2,"<a href=""http://www.hootsuite.com"" rel=""nofollow"">Hootsuite</a>",false,0,Thu Jun 02 22:24:40 +0000 2011,Mon Nov 08 22:45:32 +0000 2010,,STB Americas,YourSingaporeUS,48,313,USA,https://pbs.twimg.com/profile_images/1196022268/YS_america_LOGO_for_TWITTER_normal.jpg,5,85,"For all Singapore fans in the US, Canada and Latin America.  Thanks for your interest and support! You can also find us at http://t.co/AaYYghKeYj",213437036,Alaska
#Singapore ranked No. 7 globally among best cities to live and do business in. Thank you @PWC http://ow.ly/58Twg,2,"<a href=""http://www.hootsuite.com"" rel=""nofollow"">Hootsuite</a>",false,0,Thu Jun 02 20:37:41 +0000 2011,Mon Nov 08 22:45:32 +0000 2010,,STB Americas,YourSingaporeUS,48,313,USA,https://pbs.twimg.com/profile_images/1196022268/YS_america_LOGO_for_TWITTER_normal.jpg,5,85,"For all Singapore fans in the US, Canada and Latin America.  Thanks for your interest and support! You can also find us at http://t.co/AaYYghKeYj",213437036,Alaska
Proud 2be part of Food&Wine 2011 Aspen Classic (6/17-19). #Chefs showcase what makes #Singapore cuisine unique http://ow.ly/578lw #culinary,2,"<a href=""http://www.hootsuite.com"" rel=""nofollow"">Hootsuite</a>",false,0,Tue May 31 22:36:12 +0000 2011,Mon Nov 08 22:45:32 +0000 2010,,STB Americas,YourSingaporeUS,48,313,USA,https://pbs.twimg.com/profile_images/1196022268/YS_america_LOGO_for_TWITTER_normal.jpg,5,85,"For all Singapore fans in the US, Canada and Latin America.  Thanks for your interest and support! You can also find us at http://t.co/AaYYghKeYj",213437036,Alaska
Thank u @TravelandLeisure @MarinaBaySands' #ArtScienceMuseum in #Singapore 1 of Worlds Coolest New #Tourist #Attractions! http://ow.ly/510SN,2,"<a href=""http://www.hootsuite.com"" rel=""nofollow"">Hootsuite</a>",false,1,Mon May 23 18:17:55 +0000 2011,Mon Nov 08 22:45:32 +0000 2010,,STB Americas,YourSingaporeUS,48,313,USA,https://pbs.twimg.com/profile_images/1196022268/YS_america_LOGO_for_TWITTER_normal.jpg,5,85,"For all Singapore fans in the US, Canada and Latin America.  Thanks for your interest and support! You can also find us at http://t.co/AaYYghKeYj",213437036,Alaska
@WSJ shares a nice overview/slideshow of #SingaporeArtsFestival #dance #film #theater #music - something for everyone! http://ow.ly/4YIYK,2,"<a href=""http://www.hootsuite.com"" rel=""nofollow"">Hootsuite</a>",false,0,Thu May 19 22:22:55 +0000 2011,Mon Nov 08 22:45:32 +0000 2010,,STB Americas,YourSingaporeUS,48,313,USA,https://pbs.twimg.com/profile_images/1196022268/YS_america_LOGO_for_TWITTER_normal.jpg,5,85,"For all Singapore fans in the US, Canada and Latin America.  Thanks for your interest and support! You can also find us at http://t.co/AaYYghKeYj",213437036,Alaska
First hand report about unique (and temporary) #MerlionHotel in #Singapore http://ow.ly/4XFGA Enjoy!,2,"<a href=""http://www.hootsuite.com"" rel=""nofollow"">Hootsuite</a>",false,0,Wed May 18 19:46:21 +0000 2011,Mon Nov 08 22:45:32 +0000 2010,,STB Americas,YourSingaporeUS,48,313,USA,https://pbs.twimg.com/profile_images/1196022268/YS_america_LOGO_for_TWITTER_normal.jpg,5,85,"For all Singapore fans in the US, Canada and Latin America.  Thanks for your interest and support! You can also find us at http://t.co/AaYYghKeYj",213437036,Alaska
"With the weekend approaching, we have a great excuse to share a #SingaporeSling #recipe http://ow.ly/4UeVY enjoy #happyhour!",2,"<a href=""http://www.hootsuite.com"" rel=""nofollow"">Hootsuite</a>",false,0,Fri May 13 21:48:34 +0000 2011,Mon Nov 08 22:45:32 +0000 2010,,STB Americas,YourSingaporeUS,48,313,USA,https://pbs.twimg.com/profile_images/1196022268/YS_america_LOGO_for_TWITTER_normal.jpg,5,85,"For all Singapore fans in the US, Canada and Latin America.  Thanks for your interest and support! You can also find us at http://t.co/AaYYghKeYj",213437036,Alaska
And congratulations from #YourSingaporeUS to Andrew P: You #win the 2nd #iPad2 from our #Singapore y u love to travel contest. have fun!,2,"<a href=""http://www.hootsuite.com"" rel=""nofollow"">Hootsuite</a>",false,0,Tue May 10 16:52:22 +0000 2011,Mon Nov 08 22:45:32 +0000 2010,,STB Americas,YourSingaporeUS,48,313,USA,https://pbs.twimg.com/profile_images/1196022268/YS_america_LOGO_for_TWITTER_normal.jpg,5,85,"For all Singapore fans in the US, Canada and Latin America.  Thanks for your interest and support! You can also find us at http://t.co/AaYYghKeYj",213437036,Alaska
Congratulations from #YourSingaporeUS to @goeatread: You are 1 of 2 iPad2 #winners of the #Singapore y u love to travel contest. enjoy!,2,"<a href=""http://www.hootsuite.com"" rel=""nofollow"">Hootsuite</a>",false,0,Tue May 10 16:50:56 +0000 2011,Mon Nov 08 22:45:32 +0000 2010,,STB Americas,YourSingaporeUS,48,313,USA,https://pbs.twimg.com/profile_images/1196022268/YS_america_LOGO_for_TWITTER_normal.jpg,5,85,"For all Singapore fans in the US, Canada and Latin America.  Thanks for your interest and support! You can also find us at http://t.co/AaYYghKeYj",213437036,Alaska
Reasons to visit #Singapore - as per @usatodaytravel http://ow.ly/4QExW #food #culinary #convenience #sights #shopping. THANK YOU!,2,"<a href=""http://www.hootsuite.com"" rel=""nofollow"">Hootsuite</a>",false,0,Mon May 09 20:18:23 +0000 2011,Mon Nov 08 22:45:32 +0000 2010,,STB Americas,YourSingaporeUS,48,313,USA,https://pbs.twimg.com/profile_images/1196022268/YS_america_LOGO_for_TWITTER_normal.jpg,5,85,"For all Singapore fans in the US, Canada and Latin America.  Thanks for your interest and support! You can also find us at http://t.co/AaYYghKeYj",213437036,Alaska
Thank you @tripadvisor: #Singapore voted No. 6 destination in #Asia in #TravelersChoiceDestinations. See http://ow.ly/4O8Zc for full list.,2,"<a href=""http://www.hootsuite.com"" rel=""nofollow"">Hootsuite</a>",false,0,Thu May 05 19:16:54 +0000 2011,Mon Nov 08 22:45:32 +0000 2010,,STB Americas,YourSingaporeUS,48,313,USA,https://pbs.twimg.com/profile_images/1196022268/YS_america_LOGO_for_TWITTER_normal.jpg,5,85,"For all Singapore fans in the US, Canada and Latin America.  Thanks for your interest and support! You can also find us at http://t.co/AaYYghKeYj",213437036,Alaska
#Green #eco-friendly #sustainable - all phrases u can use in conjunction with a #hotel. See http://ow.ly/4Nj6g for an example in #Singapore.,2,"<a href=""http://www.hootsuite.com"" rel=""nofollow"">Hootsuite</a>",false,0,Wed May 04 20:15:23 +0000 2011,Mon Nov 08 22:45:32 +0000 2010,,STB Americas,YourSingaporeUS,48,313,USA,https://pbs.twimg.com/profile_images/1196022268/YS_america_LOGO_for_TWITTER_normal.jpg,5,85,"For all Singapore fans in the US, Canada and Latin America.  Thanks for your interest and support! You can also find us at http://t.co/AaYYghKeYj",213437036,Alaska
To all Shopaholics: Follow @GreatSingaporeSale (going on May 27 - July 24) - if u needed another excuse 2 go 2 #Singapore. #discount #offers,2,"<a href=""http://www.hootsuite.com"" rel=""nofollow"">Hootsuite</a>",false,0,Tue May 03 18:58:28 +0000 2011,Mon Nov 08 22:45:32 +0000 2010,,STB Americas,YourSingaporeUS,48,313,USA,https://pbs.twimg.com/profile_images/1196022268/YS_america_LOGO_for_TWITTER_normal.jpg,5,85,"For all Singapore fans in the US, Canada and Latin America.  Thanks for your interest and support! You can also find us at http://t.co/AaYYghKeYj",213437036,Alaska
@mi_schu - thank YOU 4 taking part in our little contest. hope u'll get some entertainment & inspiration out of #Singapore's FB page as well,2,"<a href=""http://www.hootsuite.com"" rel=""nofollow"">Hootsuite</a>",false,0,Tue May 03 18:36:48 +0000 2011,Mon Nov 08 22:45:32 +0000 2010,,STB Americas,YourSingaporeUS,48,313,USA,https://pbs.twimg.com/profile_images/1196022268/YS_america_LOGO_for_TWITTER_normal.jpg,5,85,"For all Singapore fans in the US, Canada and Latin America.  Thanks for your interest and support! You can also find us at http://t.co/AaYYghKeYj",213437036,Alaska
@mi_schu No need to contact anyone. We have your affidavit and will send the gift card by end of week. Enjoy! #Singapore,2,"<a href=""http://www.hootsuite.com"" rel=""nofollow"">Hootsuite</a>",false,0,Mon May 02 23:54:37 +0000 2011,Mon Nov 08 22:45:32 +0000 2010,,STB Americas,YourSingaporeUS,48,313,USA,https://pbs.twimg.com/profile_images/1196022268/YS_america_LOGO_for_TWITTER_normal.jpg,5,85,"For all Singapore fans in the US, Canada and Latin America.  Thanks for your interest and support! You can also find us at http://t.co/AaYYghKeYj",213437036,Alaska
"For @Krissy ""There's nothing better than exploring new food in a new place"" - so a $50 #giftcard can't compete, right? #singaporetravel",2,"<a href=""http://www.hootsuite.com"" rel=""nofollow"">Hootsuite</a>",false,0,Mon May 02 23:34:40 +0000 2011,Mon Nov 08 22:45:32 +0000 2010,,STB Americas,YourSingaporeUS,48,313,USA,https://pbs.twimg.com/profile_images/1196022268/YS_america_LOGO_for_TWITTER_normal.jpg,5,85,"For all Singapore fans in the US, Canada and Latin America.  Thanks for your interest and support! You can also find us at http://t.co/AaYYghKeYj",213437036,Alaska
How to spend 36 Hours in #Singapore according to @nytimestravel -- do you have anything to add to http://ow.ly/4LsVE ??? #culinary #style,2,"<a href=""http://www.hootsuite.com"" rel=""nofollow"">Hootsuite</a>",false,0,Mon May 02 19:15:59 +0000 2011,Mon Nov 08 22:45:32 +0000 2010,,STB Americas,YourSingaporeUS,48,313,USA,https://pbs.twimg.com/profile_images/1196022268/YS_america_LOGO_for_TWITTER_normal.jpg,5,85,"For all Singapore fans in the US, Canada and Latin America.  Thanks for your interest and support! You can also find us at http://t.co/AaYYghKeYj",213437036,Alaska
SATS & #ROYALCARIBBEAN jointly launch #SoutheastAsia's FIRST Cruise-Fly Service in #Singapore. Details: http://ow.ly/4Lsf1,2,"<a href=""http://www.hootsuite.com"" rel=""nofollow"">Hootsuite</a>",false,0,Mon May 02 19:06:30 +0000 2011,Mon Nov 08 22:45:32 +0000 2010,,STB Americas,YourSingaporeUS,48,313,USA,https://pbs.twimg.com/profile_images/1196022268/YS_america_LOGO_for_TWITTER_normal.jpg,5,85,"For all Singapore fans in the US, Canada and Latin America.  Thanks for your interest and support! You can also find us at http://t.co/AaYYghKeYj",213437036,Alaska
"@Mi_Schu ""All 5 senses are magnified; even the simplest act seems intense"" you're our 9th #SingaporeTravel $50 #giftcard #winner. Congrats!",2,"<a href=""http://www.hootsuite.com"" rel=""nofollow"">Hootsuite</a>",false,0,Mon May 02 18:01:12 +0000 2011,Mon Nov 08 22:45:32 +0000 2010,,STB Americas,YourSingaporeUS,48,313,USA,https://pbs.twimg.com/profile_images/1196022268/YS_america_LOGO_for_TWITTER_normal.jpg,5,85,"For all Singapore fans in the US, Canada and Latin America.  Thanks for your interest and support! You can also find us at http://t.co/AaYYghKeYj",213437036,Alaska
@fery_kansas Check out the facebook.com/YourSingapore for on-going updates on how to win a #Singapore getaway.,2,"<a href=""http://www.hootsuite.com"" rel=""nofollow"">Hootsuite</a>",false,0,Thu Apr 28 20:09:26 +0000 2011,Mon Nov 08 22:45:32 +0000 2010,,STB Americas,YourSingaporeUS,48,313,USA,https://pbs.twimg.com/profile_images/1196022268/YS_america_LOGO_for_TWITTER_normal.jpg,5,85,"For all Singapore fans in the US, Canada and Latin America.  Thanks for your interest and support! You can also find us at http://t.co/AaYYghKeYj",213437036,Alaska
"#TetsuyaWakuda's first restaurant outside of #Oz: Waku Ghin. A (very visual) intro 
http://ow.ly/4GJzN #singapore #culinary #travel",2,"<a href=""http://www.hootsuite.com"" rel=""nofollow"">Hootsuite</a>",false,0,Mon Apr 25 22:11:28 +0000 2011,Mon Nov 08 22:45:32 +0000 2010,,STB Americas,YourSingaporeUS,48,313,USA,https://pbs.twimg.com/profile_images/1196022268/YS_america_LOGO_for_TWITTER_normal.jpg,5,85,"For all Singapore fans in the US, Canada and Latin America.  Thanks for your interest and support! You can also find us at http://t.co/AaYYghKeYj",213437036,Alaska
RT @visitsingapore: Tips to win a Singapore getaway: http://on.fb.me/eO5R9f,2,"<a href=""http://twitter.com"" rel=""nofollow"">Twitter Web Client</a>",false,1,Mon Apr 25 20:24:20 +0000 2011,Mon Nov 08 22:45:32 +0000 2010,,STB Americas,YourSingaporeUS,48,313,USA,https://pbs.twimg.com/profile_images/1196022268/YS_america_LOGO_for_TWITTER_normal.jpg,5,85,"For all Singapore fans in the US, Canada and Latin America.  Thanks for your interest and support! You can also find us at http://t.co/AaYYghKeYj",213437036,Alaska
Looking for an #exotic summer vacation? Try #Singapore ?! #Sentosa #zoo #family http://ow.ly/4CWS6,2,"<a href=""http://www.hootsuite.com"" rel=""nofollow"">Hootsuite</a>",false,1,Mon Apr 18 23:09:58 +0000 2011,Mon Nov 08 22:45:32 +0000 2010,,STB Americas,YourSingaporeUS,48,313,USA,https://pbs.twimg.com/profile_images/1196022268/YS_america_LOGO_for_TWITTER_normal.jpg,5,85,"For all Singapore fans in the US, Canada and Latin America.  Thanks for your interest and support! You can also find us at http://t.co/AaYYghKeYj",213437036,Alaska
"RT @TripAdvisor: Looking for a summer internship? TA can help! We have openings in our Newton, MA office: http://bit.ly/hxyVtF",2,"<a href=""http://twitter.com"" rel=""nofollow"">Twitter Web Client</a>",false,8,Wed Apr 13 20:21:24 +0000 2011,Mon Nov 08 22:45:32 +0000 2010,,STB Americas,YourSingaporeUS,48,313,USA,https://pbs.twimg.com/profile_images/1196022268/YS_america_LOGO_for_TWITTER_normal.jpg,5,85,"For all Singapore fans in the US, Canada and Latin America.  Thanks for your interest and support! You can also find us at http://t.co/AaYYghKeYj",213437036,Alaska
"Congrats @goeatread ""Escaping the mundane, it helps keep me sane. Must travel"" makes u our 8th #winner of $50 #giftcard. #singapore #travel",2,"<a href=""http://www.hootsuite.com"" rel=""nofollow"">Hootsuite</a>",false,0,Wed Apr 13 20:14:15 +0000 2011,Mon Nov 08 22:45:32 +0000 2010,,STB Americas,YourSingaporeUS,48,313,USA,https://pbs.twimg.com/profile_images/1196022268/YS_america_LOGO_for_TWITTER_normal.jpg,5,85,"For all Singapore fans in the US, Canada and Latin America.  Thanks for your interest and support! You can also find us at http://t.co/AaYYghKeYj",213437036,Alaska
"Thank u @SKP90802 ""Traveling recharges the soul & ignites a passion to create something beautiful"" #wins $50 #giftcard #singapore #congrats!",2,"<a href=""http://www.hootsuite.com"" rel=""nofollow"">Hootsuite</a>",false,0,Wed Apr 13 20:03:35 +0000 2011,Mon Nov 08 22:45:32 +0000 2010,,STB Americas,YourSingaporeUS,48,313,USA,https://pbs.twimg.com/profile_images/1196022268/YS_america_LOGO_for_TWITTER_normal.jpg,5,85,"For all Singapore fans in the US, Canada and Latin America.  Thanks for your interest and support! You can also find us at http://t.co/AaYYghKeYj",213437036,Alaska
Thank you @fandw FoodandWine for a nice #Singapore #Chinatown guide ft. #culinary &  #shopping stops http://ow.ly/4zCxJ,2,"<a href=""http://www.hootsuite.com"" rel=""nofollow"">Hootsuite</a>",false,0,Wed Apr 13 19:14:31 +0000 2011,Mon Nov 08 22:45:32 +0000 2010,,STB Americas,YourSingaporeUS,48,313,USA,https://pbs.twimg.com/profile_images/1196022268/YS_america_LOGO_for_TWITTER_normal.jpg,5,85,"For all Singapore fans in the US, Canada and Latin America.  Thanks for your interest and support! You can also find us at http://t.co/AaYYghKeYj",213437036,Alaska
What do the #FullertonBayHotel #MarinaBaySands & #Wanderlust have in common? All on Conde Nast 2011 Hot New Hotels List! http://ow.ly/4vuid,2,"<a href=""http://www.hootsuite.com"" rel=""nofollow"">Hootsuite</a>",false,0,Thu Apr 07 19:01:02 +0000 2011,Mon Nov 08 22:45:32 +0000 2010,,STB Americas,YourSingaporeUS,48,313,USA,https://pbs.twimg.com/profile_images/1196022268/YS_america_LOGO_for_TWITTER_normal.jpg,5,85,"For all Singapore fans in the US, Canada and Latin America.  Thanks for your interest and support! You can also find us at http://t.co/AaYYghKeYj",213437036,Alaska
Thanks @JohnnyJet for in-depth reviews of #RitzCarlton #MarinaBaySands #FullertonBay hotels (and much more) in #Singapore http://ow.ly/4tPW9,2,"<a href=""http://www.hootsuite.com"" rel=""nofollow"">Hootsuite</a>",false,0,Tue Apr 05 20:22:37 +0000 2011,Mon Nov 08 22:45:32 +0000 2010,,STB Americas,YourSingaporeUS,48,313,USA,https://pbs.twimg.com/profile_images/1196022268/YS_america_LOGO_for_TWITTER_normal.jpg,5,85,"For all Singapore fans in the US, Canada and Latin America.  Thanks for your interest and support! You can also find us at http://t.co/AaYYghKeYj",213437036,Alaska
"Best cafes in #Singapore? Glad u asked! Because @ladyironchef has the answers to #peoplewatching, free #wifi, etc. at http://ow.ly/4tLrz",2,"<a href=""http://www.hootsuite.com"" rel=""nofollow"">Hootsuite</a>",false,0,Tue Apr 05 18:47:52 +0000 2011,Mon Nov 08 22:45:32 +0000 2010,,STB Americas,YourSingaporeUS,48,313,USA,https://pbs.twimg.com/profile_images/1196022268/YS_america_LOGO_for_TWITTER_normal.jpg,5,85,"For all Singapore fans in the US, Canada and Latin America.  Thanks for your interest and support! You can also find us at http://t.co/AaYYghKeYj",213437036,Alaska
@ss_dal Thank u for keeping it up -- almost makes us wish we had continued the contest past 3/23. But we hope to have s.th. coming up soon!,2,"<a href=""http://www.hootsuite.com"" rel=""nofollow"">Hootsuite</a>",false,0,Fri Apr 01 00:14:41 +0000 2011,Mon Nov 08 22:45:32 +0000 2010,,STB Americas,YourSingaporeUS,48,313,USA,https://pbs.twimg.com/profile_images/1196022268/YS_america_LOGO_for_TWITTER_normal.jpg,5,85,"For all Singapore fans in the US, Canada and Latin America.  Thanks for your interest and support! You can also find us at http://t.co/AaYYghKeYj",213437036,Alaska
"6 #giftcard winners announced - 4 to go til we get to the iPad2s! Giftcard winners have been contacted, check ur inboxes & reply! #singapore",2,"<a href=""http://www.hootsuite.com"" rel=""nofollow"">Hootsuite</a>",false,1,Thu Mar 31 23:03:01 +0000 2011,Mon Nov 08 22:45:32 +0000 2010,,STB Americas,YourSingaporeUS,48,313,USA,https://pbs.twimg.com/profile_images/1196022268/YS_america_LOGO_for_TWITTER_normal.jpg,5,85,"For all Singapore fans in the US, Canada and Latin America.  Thanks for your interest and support! You can also find us at http://t.co/AaYYghKeYj",213437036,Alaska
"""Travel knocks down borders, walls & ignorance, building bridges where none existed"" makes David K. $50 #giftcard #winner #singaporetravel",2,"<a href=""http://www.hootsuite.com"" rel=""nofollow"">Hootsuite</a>",false,0,Thu Mar 31 22:56:02 +0000 2011,Mon Nov 08 22:45:32 +0000 2010,,STB Americas,YourSingaporeUS,48,313,USA,https://pbs.twimg.com/profile_images/1196022268/YS_america_LOGO_for_TWITTER_normal.jpg,5,85,"For all Singapore fans in the US, Canada and Latin America.  Thanks for your interest and support! You can also find us at http://t.co/AaYYghKeYj",213437036,Alaska
"Timely, 2 the point ""Peace is understanding. Travel aids understanding"" @CBHarris #wins another $50 #giftcard! #singaporetravel #congrats!",2,"<a href=""http://www.hootsuite.com"" rel=""nofollow"">Hootsuite</a>",false,0,Thu Mar 31 22:48:19 +0000 2011,Mon Nov 08 22:45:32 +0000 2010,,STB Americas,YourSingaporeUS,48,313,USA,https://pbs.twimg.com/profile_images/1196022268/YS_america_LOGO_for_TWITTER_normal.jpg,5,85,"For all Singapore fans in the US, Canada and Latin America.  Thanks for your interest and support! You can also find us at http://t.co/AaYYghKeYj",213437036,Alaska
#SingaporeFlyer reopens April1 - including new #JourneyofDreams attraction http://ow.ly/4qycB #singapore #3D #interactive,2,"<a href=""http://www.hootsuite.com"" rel=""nofollow"">Hootsuite</a>",false,0,Thu Mar 31 17:55:57 +0000 2011,Mon Nov 08 22:45:32 +0000 2010,,STB Americas,YourSingaporeUS,48,313,USA,https://pbs.twimg.com/profile_images/1196022268/YS_america_LOGO_for_TWITTER_normal.jpg,5,85,"For all Singapore fans in the US, Canada and Latin America.  Thanks for your interest and support! You can also find us at http://t.co/AaYYghKeYj",213437036,Alaska
"@nalvino You are welcome! Looks like we picked the 'right' one. When are you going to Singapore? Business, pleasure, both?",2,"<a href=""http://www.hootsuite.com"" rel=""nofollow"">Hootsuite</a>",false,0,Tue Mar 29 19:01:22 +0000 2011,Mon Nov 08 22:45:32 +0000 2010,,STB Americas,YourSingaporeUS,48,313,USA,https://pbs.twimg.com/profile_images/1196022268/YS_america_LOGO_for_TWITTER_normal.jpg,5,85,"For all Singapore fans in the US, Canada and Latin America.  Thanks for your interest and support! You can also find us at http://t.co/AaYYghKeYj",213437036,Alaska
Sameoldsameold hotels? #NYTimes put together list of alternatives in #Asia. #Singapore gets top billing http://ow.ly/4oWje #hotelfortcanning,2,"<a href=""http://www.hootsuite.com"" rel=""nofollow"">Hootsuite</a>",false,1,Tue Mar 29 18:39:09 +0000 2011,Mon Nov 08 22:45:32 +0000 2010,,STB Americas,YourSingaporeUS,48,313,USA,https://pbs.twimg.com/profile_images/1196022268/YS_america_LOGO_for_TWITTER_normal.jpg,5,85,"For all Singapore fans in the US, Canada and Latin America.  Thanks for your interest and support! You can also find us at http://t.co/AaYYghKeYj",213437036,Alaska
Congrats to @nalvino. Pls never grow out of your 'wanderlust phase.' Hope a $50 #giftcard helps sustain that #singaporetravel #winner,2,"<a href=""http://www.hootsuite.com"" rel=""nofollow"">Hootsuite</a>",false,0,Tue Mar 29 16:17:36 +0000 2011,Mon Nov 08 22:45:32 +0000 2010,,STB Americas,YourSingaporeUS,48,313,USA,https://pbs.twimg.com/profile_images/1196022268/YS_america_LOGO_for_TWITTER_normal.jpg,5,85,"For all Singapore fans in the US, Canada and Latin America.  Thanks for your interest and support! You can also find us at http://t.co/AaYYghKeYj",213437036,Alaska
#Katong #Kampung #MustafaCenter just featured in #NYTimes #travel as 3 of 37 #Asian Odysseys #Singapore #offthebeatenpath http://ow.ly/4lUSi,2,"<a href=""http://www.hootsuite.com"" rel=""nofollow"">Hootsuite</a>",false,1,Thu Mar 24 22:55:53 +0000 2011,Mon Nov 08 22:45:32 +0000 2010,,STB Americas,YourSingaporeUS,48,313,USA,https://pbs.twimg.com/profile_images/1196022268/YS_america_LOGO_for_TWITTER_normal.jpg,5,85,"For all Singapore fans in the US, Canada and Latin America.  Thanks for your interest and support! You can also find us at http://t.co/AaYYghKeYj",213437036,Alaska
"RT @safari2africa: Enter to win an #ipad2 thru my friends at Singapore Tourism, enter at http://www.trazzler.com/ and like their FB page #TT",2,"<a href=""http://www.hootsuite.com"" rel=""nofollow"">Hootsuite</a>",false,0,Wed Mar 23 20:32:51 +0000 2011,Mon Nov 08 22:45:32 +0000 2010,,STB Americas,YourSingaporeUS,48,313,USA,https://pbs.twimg.com/profile_images/1196022268/YS_america_LOGO_for_TWITTER_normal.jpg,5,85,"For all Singapore fans in the US, Canada and Latin America.  Thanks for your interest and support! You can also find us at http://t.co/AaYYghKeYj",213437036,Alaska
"Next #winner @kitjer ""Travel changes our perception of the world and our role in it"" #singaporetravel http://bit.ly/eW2lrM Congratulations!",2,"<a href=""http://www.hootsuite.com"" rel=""nofollow"">Hootsuite</a>",false,1,Wed Mar 23 20:08:52 +0000 2011,Mon Nov 08 22:45:32 +0000 2010,,STB Americas,YourSingaporeUS,48,313,USA,https://pbs.twimg.com/profile_images/1196022268/YS_america_LOGO_for_TWITTER_normal.jpg,5,85,"For all Singapore fans in the US, Canada and Latin America.  Thanks for your interest and support! You can also find us at http://t.co/AaYYghKeYj",213437036,Alaska
@safari2africa Thanks for sharing the news about our little contest! #singaporetravel http://bit.ly/eho0cL #iPad2,2,"<a href=""http://twitter.com"" rel=""nofollow"">Twitter Web Client</a>",false,1,Wed Mar 23 19:27:05 +0000 2011,Mon Nov 08 22:45:32 +0000 2010,,STB Americas,YourSingaporeUS,48,313,USA,https://pbs.twimg.com/profile_images/1196022268/YS_america_LOGO_for_TWITTER_normal.jpg,5,85,"For all Singapore fans in the US, Canada and Latin America.  Thanks for your interest and support! You can also find us at http://t.co/AaYYghKeYj",213437036,Alaska
RT @OpenRice_Sg: Restaurant Week is from 21st to 27th March! Are you ready for it? :)  http://bit.ly/dKpIYA,2,"<a href=""http://twitter.com"" rel=""nofollow"">Twitter Web Client</a>",false,3,Wed Mar 23 19:21:49 +0000 2011,Mon Nov 08 22:45:32 +0000 2010,,STB Americas,YourSingaporeUS,48,313,USA,https://pbs.twimg.com/profile_images/1196022268/YS_america_LOGO_for_TWITTER_normal.jpg,5,85,"For all Singapore fans in the US, Canada and Latin America.  Thanks for your interest and support! You can also find us at http://t.co/AaYYghKeYj",213437036,Alaska
A quick introduction to #hawkercenters: Quality (of food) + quantity (of outlets) = never go hungry in #Singapore! http://ow.ly/4jQkg,2,"<a href=""http://www.hootsuite.com"" rel=""nofollow"">Hootsuite</a>",false,1,Tue Mar 22 19:27:58 +0000 2011,Mon Nov 08 22:45:32 +0000 2010,,STB Americas,YourSingaporeUS,48,313,USA,https://pbs.twimg.com/profile_images/1196022268/YS_america_LOGO_for_TWITTER_normal.jpg,5,85,"For all Singapore fans in the US, Canada and Latin America.  Thanks for your interest and support! You can also find us at http://t.co/AaYYghKeYj",213437036,Alaska
Win big with #singaporetravel! Enter YourSingapore Americas contest for a chance to win an #iPad2 and more: http://bit.ly/eho0cL,2,"<a href=""http://twitter.com"" rel=""nofollow"">Twitter Web Client</a>",false,2,Tue Mar 22 18:59:46 +0000 2011,Mon Nov 08 22:45:32 +0000 2010,,STB Americas,YourSingaporeUS,48,313,USA,https://pbs.twimg.com/profile_images/1196022268/YS_america_LOGO_for_TWITTER_normal.jpg,5,85,"For all Singapore fans in the US, Canada and Latin America.  Thanks for your interest and support! You can also find us at http://t.co/AaYYghKeYj",213437036,Alaska
"@joshhoppe's ""Until you go it's all just a dream!"" wins $50 #giftcard http://ow.ly/4j9Yn Enter to win http://t.co/dG45tyr #singaporetravel",2,"<a href=""http://www.hootsuite.com"" rel=""nofollow"">Hootsuite</a>",false,0,Mon Mar 21 23:21:39 +0000 2011,Mon Nov 08 22:45:32 +0000 2010,,STB Americas,YourSingaporeUS,48,313,USA,https://pbs.twimg.com/profile_images/1196022268/YS_america_LOGO_for_TWITTER_normal.jpg,5,85,"For all Singapore fans in the US, Canada and Latin America.  Thanks for your interest and support! You can also find us at http://t.co/AaYYghKeYj",213437036,Alaska
"@tryingtoqualify ""If I didn't travel I wouldn't learn"" is 1st $50 #giftcard #winner! http://ow.ly/4j9FX #singaporetravel http://t.co/h9jo8Ly",2,"<a href=""http://www.hootsuite.com"" rel=""nofollow"">Hootsuite</a>",false,1,Mon Mar 21 23:13:59 +0000 2011,Mon Nov 08 22:45:32 +0000 2010,,STB Americas,YourSingaporeUS,48,313,USA,https://pbs.twimg.com/profile_images/1196022268/YS_america_LOGO_for_TWITTER_normal.jpg,5,85,"For all Singapore fans in the US, Canada and Latin America.  Thanks for your interest and support! You can also find us at http://t.co/AaYYghKeYj",213437036,Alaska
RT @tryingtoqualify: If I didn't travel I wouldn't learn  #singaporetravel http://t.co/h9jo8Ly http://t.co/h9jo8Ly,2,"<a href=""http://twitter.com"" rel=""nofollow"">Twitter Web Client</a>",false,1,Mon Mar 21 23:06:42 +0000 2011,Mon Nov 08 22:45:32 +0000 2010,,STB Americas,YourSingaporeUS,48,313,USA,https://pbs.twimg.com/profile_images/1196022268/YS_america_LOGO_for_TWITTER_normal.jpg,5,85,"For all Singapore fans in the US, Canada and Latin America.  Thanks for your interest and support! You can also find us at http://t.co/AaYYghKeYj",213437036,Alaska
"Three $50 #giftcard #winners will be notified now, check your inboxes. Enter to win #iPad2! http://ow.ly/4husZ #singaporetravel",2,"<a href=""http://www.hootsuite.com"" rel=""nofollow"">Hootsuite</a>",false,2,Fri Mar 18 19:19:05 +0000 2011,Mon Nov 08 22:45:32 +0000 2010,,STB Americas,YourSingaporeUS,48,313,USA,https://pbs.twimg.com/profile_images/1196022268/YS_america_LOGO_for_TWITTER_normal.jpg,5,85,"For all Singapore fans in the US, Canada and Latin America.  Thanks for your interest and support! You can also find us at http://t.co/AaYYghKeYj",213437036,Alaska
"15 yrs & counting. From April 25 to May 8, join us in #Singapore to celebrate gastronomic excellence #WorldGourmetSummit. http://ow.ly/4hqum",2,"<a href=""http://www.hootsuite.com"" rel=""nofollow"">Hootsuite</a>",false,0,Fri Mar 18 17:56:39 +0000 2011,Mon Nov 08 22:45:32 +0000 2010,,STB Americas,YourSingaporeUS,48,313,USA,https://pbs.twimg.com/profile_images/1196022268/YS_america_LOGO_for_TWITTER_normal.jpg,5,85,"For all Singapore fans in the US, Canada and Latin America.  Thanks for your interest and support! You can also find us at http://t.co/AaYYghKeYj",213437036,Alaska
"Why you should visit #Singapore, errh, the #SingaporeBiennale http://ow.ly/4gSzO #art #culure #asia",2,"<a href=""http://www.hootsuite.com"" rel=""nofollow"">Hootsuite</a>",false,0,Thu Mar 17 23:32:44 +0000 2011,Mon Nov 08 22:45:32 +0000 2010,,STB Americas,YourSingaporeUS,48,313,USA,https://pbs.twimg.com/profile_images/1196022268/YS_america_LOGO_for_TWITTER_normal.jpg,5,85,"For all Singapore fans in the US, Canada and Latin America.  Thanks for your interest and support! You can also find us at http://t.co/AaYYghKeYj",213437036,Alaska
#AsiaFashionExchange back in #Singapore May '11. A-list of international world of #fashion: #designers #supermodels http://ow.ly/4fdSm,2,"<a href=""http://www.hootsuite.com"" rel=""nofollow"">Hootsuite</a>",false,1,Tue Mar 15 21:34:14 +0000 2011,Mon Nov 08 22:45:32 +0000 2010,,STB Americas,YourSingaporeUS,48,313,USA,https://pbs.twimg.com/profile_images/1196022268/YS_america_LOGO_for_TWITTER_normal.jpg,5,85,"For all Singapore fans in the US, Canada and Latin America.  Thanks for your interest and support! You can also find us at http://t.co/AaYYghKeYj",213437036,Alaska
Thx for the creative #posts/#tweets. Will soon announce 1st $50 gift card #winners. Enter to win #iPad2! http://ow.ly/4ejdY #singaporetravel,2,"<a href=""http://www.hootsuite.com"" rel=""nofollow"">Hootsuite</a>",false,0,Mon Mar 14 19:37:31 +0000 2011,Mon Nov 08 22:45:32 +0000 2010,,STB Americas,YourSingaporeUS,48,313,USA,https://pbs.twimg.com/profile_images/1196022268/YS_america_LOGO_for_TWITTER_normal.jpg,5,85,"For all Singapore fans in the US, Canada and Latin America.  Thanks for your interest and support! You can also find us at http://t.co/AaYYghKeYj",213437036,Alaska
#Singapore food in #SFO? Chef Chris Yeo has u covered with Straits Café http://ow.ly/4eaq2 and Sino Restaurant http://ow.ly/4eaq3 #culinary,2,"<a href=""http://www.hootsuite.com"" rel=""nofollow"">Hootsuite</a>",false,0,Mon Mar 14 16:57:52 +0000 2011,Mon Nov 08 22:45:32 +0000 2010,,STB Americas,YourSingaporeUS,48,313,USA,https://pbs.twimg.com/profile_images/1196022268/YS_america_LOGO_for_TWITTER_normal.jpg,5,85,"For all Singapore fans in the US, Canada and Latin America.  Thanks for your interest and support! You can also find us at http://t.co/AaYYghKeYj",213437036,Alaska
Day 2. Have you shared your most creative post or tweet yet? Win one $50 gift card a day or one of 2 #iPad2's! Check out http://ow.ly/4dfum,2,"<a href=""http://www.hootsuite.com"" rel=""nofollow"">Hootsuite</a>",false,0,Sun Mar 13 01:35:33 +0000 2011,Mon Nov 08 22:45:32 +0000 2010,,STB Americas,YourSingaporeUS,48,313,USA,https://pbs.twimg.com/profile_images/1196022268/YS_america_LOGO_for_TWITTER_normal.jpg,5,85,"For all Singapore fans in the US, Canada and Latin America.  Thanks for your interest and support! You can also find us at http://t.co/AaYYghKeYj",213437036,Alaska
"Brand new #iPad2? For a #tweet or #facebook post? Well, maybe - be #creative and u can be a #winner here http://ow.ly/4cMSE #singaporetravel",2,"<a href=""http://www.hootsuite.com"" rel=""nofollow"">Hootsuite</a>",false,2,Fri Mar 11 21:04:15 +0000 2011,Mon Nov 08 22:45:32 +0000 2010,,STB Americas,YourSingaporeUS,48,313,USA,https://pbs.twimg.com/profile_images/1196022268/YS_america_LOGO_for_TWITTER_normal.jpg,5,85,"For all Singapore fans in the US, Canada and Latin America.  Thanks for your interest and support! You can also find us at http://t.co/AaYYghKeYj",213437036,Alaska
"RT @SingaporeSpclst: A Kopi O, #Kopi C, or Kopi Tarik in a #Kopitiam? You are in #Singapore, but what r u drinking? Find out at http://o ...",2,"<a href=""http://twitter.com"" rel=""nofollow"">Twitter Web Client</a>",false,1,Wed Mar 09 20:23:51 +0000 2011,Mon Nov 08 22:45:32 +0000 2010,,STB Americas,YourSingaporeUS,48,313,USA,https://pbs.twimg.com/profile_images/1196022268/YS_america_LOGO_for_TWITTER_normal.jpg,5,85,"For all Singapore fans in the US, Canada and Latin America.  Thanks for your interest and support! You can also find us at http://t.co/AaYYghKeYj",213437036,Alaska
"A Kopi O, #Kopi C, or Kopi Tarik in a #Kopitiam? You are in #Singapore, but what r u drinking? Find out at http://ow.ly/4an99 #coffee #tea",2,"<a href=""http://www.hootsuite.com"" rel=""nofollow"">Hootsuite</a>",false,0,Tue Mar 08 21:03:13 +0000 2011,Mon Nov 08 22:45:32 +0000 2010,,STB Americas,YourSingaporeUS,48,313,USA,https://pbs.twimg.com/profile_images/1196022268/YS_america_LOGO_for_TWITTER_normal.jpg,5,85,"For all Singapore fans in the US, Canada and Latin America.  Thanks for your interest and support! You can also find us at http://t.co/AaYYghKeYj",213437036,Alaska
Exclusive hotel? #Singapore's #Merlion hotel accepts reservations 4 temp & luxurious suite open only nights http://ow.ly/47w6T @travelpulse,2,"<a href=""http://www.hootsuite.com"" rel=""nofollow"">Hootsuite</a>",false,0,Thu Mar 03 22:48:24 +0000 2011,Mon Nov 08 22:45:32 +0000 2010,,STB Americas,YourSingaporeUS,48,313,USA,https://pbs.twimg.com/profile_images/1196022268/YS_america_LOGO_for_TWITTER_normal.jpg,5,85,"For all Singapore fans in the US, Canada and Latin America.  Thanks for your interest and support! You can also find us at http://t.co/AaYYghKeYj",213437036,Alaska
An airport does not a destination make but we r happy that #Singapore airport @FansofChangi comes in No.2 on @gtmag list http://ow.ly/45MUT,2,"<a href=""http://www.hootsuite.com"" rel=""nofollow"">Hootsuite</a>",false,0,Tue Mar 01 19:28:22 +0000 2011,Mon Nov 08 22:45:32 +0000 2010,,STB Americas,YourSingaporeUS,48,313,USA,https://pbs.twimg.com/profile_images/1196022268/YS_america_LOGO_for_TWITTER_normal.jpg,5,85,"For all Singapore fans in the US, Canada and Latin America.  Thanks for your interest and support! You can also find us at http://t.co/AaYYghKeYj",213437036,Alaska
"World's tallest Observation Wheel @sgflyer opens #Singapore Food Trail, or: 16,000 sqf of pure hawker food heaven ow.ly/458BQ #culinary",2,"<a href=""http://www.hootsuite.com"" rel=""nofollow"">Hootsuite</a>",false,0,Mon Feb 28 22:31:28 +0000 2011,Mon Nov 08 22:45:32 +0000 2010,,STB Americas,YourSingaporeUS,48,313,USA,https://pbs.twimg.com/profile_images/1196022268/YS_america_LOGO_for_TWITTER_normal.jpg,5,85,"For all Singapore fans in the US, Canada and Latin America.  Thanks for your interest and support! You can also find us at http://t.co/AaYYghKeYj",213437036,Alaska
#Vespa #Chinatown #Singapore - all belong in the same sentence. a @DamarisLewis #SI #SwimSuitIssue model behind the scenes look ow.ly/43LsX,2,"<a href=""http://www.hootsuite.com"" rel=""nofollow"">Hootsuite</a>",false,0,Sat Feb 26 00:03:57 +0000 2011,Mon Nov 08 22:45:32 +0000 2010,,STB Americas,YourSingaporeUS,48,313,USA,https://pbs.twimg.com/profile_images/1196022268/YS_america_LOGO_for_TWITTER_normal.jpg,5,85,"For all Singapore fans in the US, Canada and Latin America.  Thanks for your interest and support! You can also find us at http://t.co/AaYYghKeYj",213437036,Alaska
"'Ideal' #Singapore itinerary? If it exists, this may be it: intriguing, off-the-beaten-path, 'typical' & surprising. Pulau Ubin? ow.ly/42ZKZ",2,"<a href=""http://www.hootsuite.com"" rel=""nofollow"">Hootsuite</a>",false,0,Thu Feb 24 23:07:57 +0000 2011,Mon Nov 08 22:45:32 +0000 2010,,STB Americas,YourSingaporeUS,48,313,USA,https://pbs.twimg.com/profile_images/1196022268/YS_america_LOGO_for_TWITTER_normal.jpg,5,85,"For all Singapore fans in the US, Canada and Latin America.  Thanks for your interest and support! You can also find us at http://t.co/AaYYghKeYj",213437036,Alaska
"#Spa, healthy #dining #massage - on an island in #Singapore? We present #SI #SwimsuitIssue approved Capella Resort on Sentosa ow.ly/428Bx",2,"<a href=""http://www.hootsuite.com"" rel=""nofollow"">Hootsuite</a>",false,0,Wed Feb 23 20:19:11 +0000 2011,Mon Nov 08 22:45:32 +0000 2010,,STB Americas,YourSingaporeUS,48,313,USA,https://pbs.twimg.com/profile_images/1196022268/YS_america_LOGO_for_TWITTER_normal.jpg,5,85,"For all Singapore fans in the US, Canada and Latin America.  Thanks for your interest and support! You can also find us at http://t.co/AaYYghKeYj",213437036,Alaska
"#Singapore: straight-laced, well educated and...#sexy? Yes, and @kenzafourati and the #SI #SwimSuitIssue are part of the reason ow.ly/41jl1",2,"<a href=""http://www.hootsuite.com"" rel=""nofollow"">Hootsuite</a>",false,1,Tue Feb 22 19:00:45 +0000 2011,Mon Nov 08 22:45:32 +0000 2010,,STB Americas,YourSingaporeUS,48,313,USA,https://pbs.twimg.com/profile_images/1196022268/YS_america_LOGO_for_TWITTER_normal.jpg,5,85,"For all Singapore fans in the US, Canada and Latin America.  Thanks for your interest and support! You can also find us at http://t.co/AaYYghKeYj",213437036,Alaska
Never seen a city like this before...a fun city - Not much to add to #SwimSuitIssue model Shannan's #Singapore assessment http://ow.ly/3ZeGs,2,"<a href=""http://www.hootsuite.com"" rel=""nofollow"">Hootsuite</a>",false,0,Fri Feb 18 19:01:27 +0000 2011,Mon Nov 08 22:45:32 +0000 2010,,STB Americas,YourSingaporeUS,48,313,USA,https://pbs.twimg.com/profile_images/1196022268/YS_america_LOGO_for_TWITTER_normal.jpg,5,85,"For all Singapore fans in the US, Canada and Latin America.  Thanks for your interest and support! You can also find us at http://t.co/AaYYghKeYj",213437036,Alaska
A perfect place for a photo shoot? According to #SI #swimsuitissue model #IzabelGoulart: #Singapore! Check out http://ow.ly/3YwkO for more!,2,"<a href=""http://www.hootsuite.com"" rel=""nofollow"">Hootsuite</a>",false,0,Thu Feb 17 20:06:08 +0000 2011,Mon Nov 08 22:45:32 +0000 2010,,STB Americas,YourSingaporeUS,48,313,USA,https://pbs.twimg.com/profile_images/1196022268/YS_america_LOGO_for_TWITTER_normal.jpg,5,85,"For all Singapore fans in the US, Canada and Latin America.  Thanks for your interest and support! You can also find us at http://t.co/AaYYghKeYj",213437036,Alaska
No one wears swimsuits better than #SportsIllustrated #SwimsuitIssue girls! Watch them brighten up #Singapore! http://ow.ly/3XSN2,2,"<a href=""http://www.hootsuite.com"" rel=""nofollow"">Hootsuite</a>",false,0,Wed Feb 16 23:07:44 +0000 2011,Mon Nov 08 22:45:32 +0000 2010,,STB Americas,YourSingaporeUS,48,313,USA,https://pbs.twimg.com/profile_images/1196022268/YS_america_LOGO_for_TWITTER_normal.jpg,5,85,"For all Singapore fans in the US, Canada and Latin America.  Thanks for your interest and support! You can also find us at http://t.co/AaYYghKeYj",213437036,Alaska
Guess where's Asia's greenest city? @ChannelNewsAsia http://ow.ly/3X9Lz via @AddThis #singapore #green #sustainable #environment,2,"<a href=""http://www.hootsuite.com"" rel=""nofollow"">Hootsuite</a>",false,0,Tue Feb 15 23:53:20 +0000 2011,Mon Nov 08 22:45:32 +0000 2010,,STB Americas,YourSingaporeUS,48,313,USA,https://pbs.twimg.com/profile_images/1196022268/YS_america_LOGO_for_TWITTER_normal.jpg,5,85,"For all Singapore fans in the US, Canada and Latin America.  Thanks for your interest and support! You can also find us at http://t.co/AaYYghKeYj",213437036,Alaska
10 Restaurants Worth Leaving the Ship For - #NYTimes.com: http://nyti.ms/hAr0on via @addthis #singapore,2,"<a href=""http://twitter.com"" rel=""nofollow"">Twitter Web Client</a>",false,1,Tue Feb 15 19:34:46 +0000 2011,Mon Nov 08 22:45:32 +0000 2010,,STB Americas,YourSingaporeUS,48,313,USA,https://pbs.twimg.com/profile_images/1196022268/YS_america_LOGO_for_TWITTER_normal.jpg,5,85,"For all Singapore fans in the US, Canada and Latin America.  Thanks for your interest and support! You can also find us at http://t.co/AaYYghKeYj",213437036,Alaska
#Singapore comes in 23rd on #nytimes list of 'The 41 Places to Go in 2011' http://ht.ly/3CQ9Z  #marinabaysands #resortsworldsentosa,2,"<a href=""http://www.hootsuite.com"" rel=""nofollow"">Hootsuite</a>",false,0,Wed Jan 12 23:03:39 +0000 2011,Mon Nov 08 22:45:32 +0000 2010,,STB Americas,YourSingaporeUS,48,313,USA,https://pbs.twimg.com/profile_images/1196022268/YS_america_LOGO_for_TWITTER_normal.jpg,5,85,"For all Singapore fans in the US, Canada and Latin America.  Thanks for your interest and support! You can also find us at http://t.co/AaYYghKeYj",213437036,Alaska
Happy New Year from STB -- may your 2011 be as exciting for you as 2010 has been in #Singapore -- check out http://ht.ly/3wEnb for a recap!,2,"<a href=""http://www.hootsuite.com"" rel=""nofollow"">Hootsuite</a>",false,0,Fri Dec 31 20:41:33 +0000 2010,Mon Nov 08 22:45:32 +0000 2010,,STB Americas,YourSingaporeUS,48,313,USA,https://pbs.twimg.com/profile_images/1196022268/YS_america_LOGO_for_TWITTER_normal.jpg,5,85,"For all Singapore fans in the US, Canada and Latin America.  Thanks for your interest and support! You can also find us at http://t.co/AaYYghKeYj",213437036,Alaska
"Safe holiday travels! If u r in need of some 'airport support' (hi, East Coast!), check out the NYTs Top 10 Airport Apps: http://ht.ly/3vnlV",2,"<a href=""http://www.hootsuite.com"" rel=""nofollow"">Hootsuite</a>",false,0,Tue Dec 28 21:04:39 +0000 2010,Mon Nov 08 22:45:32 +0000 2010,,STB Americas,YourSingaporeUS,48,313,USA,https://pbs.twimg.com/profile_images/1196022268/YS_america_LOGO_for_TWITTER_normal.jpg,5,85,"For all Singapore fans in the US, Canada and Latin America.  Thanks for your interest and support! You can also find us at http://t.co/AaYYghKeYj",213437036,Alaska
