status.text,id,followers_count,description,location,screen_name,created_at,time_zone,profile_image_url_https,friends_count,location,screen_name,created_at,status.retweet_count,status.retweeted,favourites_count
The GSS Times is out! http://t.co/0tszvbPrzg Stories via @jwaileen @willywilloi @aaronpellowski,282331370,4303,"Sales, offers and discounts from your favourite restaurants and shops",Singapore,greatSGsale,Fri Apr 15 00:46:10 +0000 2011,Singapore,https://pbs.twimg.com/profile_images/1312166257/singapore_normal.jpg,4918,Singapore,greatSGsale,Fri Apr 15 00:46:10 +0000 2011,0,false,0
Use promo code: 2015LIC to get 10% off The Entertainer 2015 -- the best 1-for-1 dining app. http://t.co/rcnYY8uqBT http://t.co/Zix7PMwvCm,20970180,18661,My job is to make you hungry.,Deliciousnote,ladyironchef,Mon Feb 16 08:14:17 +0000 2009,Singapore,https://pbs.twimg.com/profile_images/2462440492/image_normal.jpg,91,Deliciousnote,ladyironchef,Mon Feb 16 08:14:17 +0000 2009,0,false,3198
"Kick your #Mondayblues to the curb! We are giving away $30 #Topshop Gift Card today! 

Simply share &amp;… http://t.co/79ElBOdEv5",148655917,3644,"Asia's Premier Dining Guide is in Singapore! Follow us & be updated with the latest food trend, exciting contests, promotions & events!",Singapore,OpenRice_Sg,Thu May 27 07:51:05 +0000 2010,Singapore,https://pbs.twimg.com/profile_images/378800000009447512/8ce3122d036d19b0f87f84097d08c8e5_normal.jpeg,522,Singapore,OpenRice_Sg,Thu May 27 07:51:05 +0000 2010,0,false,24
"RT @nickbilton: Great LA Times story from Christmas, 1986, that every journalist should read. ""Get the kid his peaches."" http://t.co/lGcWHx…",18,16532,Hello,Connecticut,Adam,Tue Mar 21 21:01:35 +0000 2006,Pacific Time (US & Canada),https://pbs.twimg.com/profile_images/542381810521350144/9clLR7WZ_normal.jpeg,281,Connecticut,Adam,Tue Mar 21 21:01:35 +0000 2006,28,false,328
@Dana_Sultana Thanks and glad that you enjoyed the #ChangiExperience ! -Z,65268724,26454,"The official #ChangiAirport Twitter account for the latest news, events & deals. You may also follow @FansofChangi on Facebook, Instagram & YouTube.",Singapore,FansofChangi,Thu Aug 13 04:02:41 +0000 2009,Singapore,https://pbs.twimg.com/profile_images/419975815556632577/YEbzjg2w_normal.jpeg,7462,Singapore,FansofChangi,Thu Aug 13 04:02:41 +0000 2009,0,false,15748
"Stay in my life, so that we don't ever have to bid goodbye.

Walk the path with me, so that we'll never be alone.... http://t.co/NVClw5TyRQ",8825882,586,A Moving Experience at Every Turn...,Singapore,sgflyer,Wed Sep 12 04:01:10 +0000 2007,Singapore,https://pbs.twimg.com/profile_images/180701772/flyer_normal.jpg,645,Singapore,sgflyer,Wed Sep 12 04:01:10 +0000 2007,0,false,1
RT @gleason90: Got my Sports Illustrated Swimsuit Calendar 2015 with these beautiful ladies @NinaAgdal @LilyAldridge @chrissyteigen http://…,26570717,237112,"Official account for Sports Illustrated Swimsuit. Beauties, Beaches & Bikinis!","New York, NY",SI_Swimsuit,Wed Mar 25 19:33:00 +0000 2009,Eastern Time (US & Canada),https://pbs.twimg.com/profile_images/481907767712555010/xXh6-k60_normal.png,343,"New York, NY",SI_Swimsuit,Wed Mar 25 19:33:00 +0000 2009,28,false,178
@wilfredphua @ghimlay we always have local food at our events. Hope to see you at the next one. E-register with us to be on our mailing list,215060963,1427,"Official Twitter page for the Singapore Embassy to the US, in Washington DC. Retweets/follows do not imply endorsement.",Washington DC,SingaporeEmbDC,Fri Nov 12 22:20:23 +0000 2010,Eastern Time (US & Canada),https://pbs.twimg.com/profile_images/3086861966/54a0e04690a2c129339d70ec33baad2e_normal.jpeg,207,Washington DC,SingaporeEmbDC,Fri Nov 12 22:20:23 +0000 2010,0,false,31
Singapore = Shopping Malls. Right? Wrong! Check out @MarieClaire's guide to off-beat #Singapore #shopping destinations http://ow.ly/5tsss,234544444,111,"The Singapore Specialist Program - or: A Travel Agent's one-stop-shop for 'all things SG.' Join & reap the benefits (exclusive info, webinars, sales tools...).",Americas,SingaporeSpclst,Wed Jan 05 22:46:09 +0000 2011,Alaska,https://pbs.twimg.com/profile_images/1207851308/Singapore_Specialist_Logo_-_Red_normal.jpg,25,Americas,SingaporeSpclst,Wed Jan 05 22:46:09 +0000 2011,1,false,0
It's the time of the year to take a step back &amp; enjoy the little things. Wishing u a delightful Xmas holiday! http://t.co/mUZC69CxTB,37589139,25964,"Greetings! This Twitter page is managed by Nancy in San Francisco, M-F, 9am-5pm.",US,cathaypacificUS,Mon May 04 03:56:08 +0000 2009,Pacific Time (US & Canada),https://pbs.twimg.com/profile_images/530867955903385600/Q9IGOUql_normal.jpeg,3321,US,cathaypacificUS,Mon May 04 03:56:08 +0000 2009,5,false,349
"Lobster at Animator’s Palate? Prime Rib at Enchanted Garden? Escargots at Triton’s? Yep, they’re all included on your #DisneyCruise!",19080178,265292,The official Twitter feed for Disney Cruise Line,"Celebration, FL",DisneyCruise,Fri Jan 16 19:02:28 +0000 2009,Eastern Time (US & Canada),https://pbs.twimg.com/profile_images/2580058908/DCLThumb_normal.jpg,292,"Celebration, FL",DisneyCruise,Fri Jan 16 19:02:28 +0000 2009,30,false,0
We're here at @SGIFFest closing night @marinabaysands! Which films have you caught? :) http://t.co/Z9LJ7x8e46,23299429,23533,Singapore Tourism's official stream! Share your favorite experiences in Singapore :) Catch us on Facebook/Youtube @YourSingapore and Instagram @visit_singapore,Singapore,visitsingapore,Sun Mar 08 11:21:19 +0000 2009,Singapore,https://pbs.twimg.com/profile_images/514682140106043392/Cc3JkzRY_normal.png,2133,Singapore,visitsingapore,Sun Mar 08 11:21:19 +0000 2009,3,false,1224
*굿바이! 싱가포르 공식 트위터* 한달 간의 이벤트를 끝으로 싱가포르 공식 트위터가 문을 닫습니다. 앞으로 페이스북을 통해 알찬 소식 전달하겠습니다♥ 페이스북 주소: http://t.co/yMpbU4czqJ http://t.co/kbcnP6IPbp,187484381,16556,안녕하세요! 저는 멀리입니다~^^ 여러분들이 원하는 모든 것이 있는 싱가포르의 모든 것을 알려드리려고 합니다~follow follow me~YourSingapore!,,YourSingapore_,Mon Sep 06 10:55:24 +0000 2010,Seoul,https://pbs.twimg.com/profile_images/1651586332/php7EQEhD_normal,17250,,YourSingapore_,Mon Sep 06 10:55:24 +0000 2010,0,false,1074
Tourism and Traffic Snarling the Little Town of Bethlehem http://t.co/nEDfYVvFd3 http://t.co/DojjAaqnPI,14076231,198121,"We write about fun, interesting & relevant travel.",The World,Gadling,Tue Mar 04 04:03:41 +0000 2008,Eastern Time (US & Canada),https://pbs.twimg.com/profile_images/509772087368900608/hl_HQXZB_normal.jpeg,1806,The World,Gadling,Tue Mar 04 04:03:41 +0000 2008,3,false,15
"Today's Daily Escape is from San Jose del Cabo, Mexico. http://t.co/bprQwh5K7d http://t.co/FPIHVby2iE",14363353,1042680,The official Twitter account of Travel Channel (US). Follow us to talk about all things travel!,All over the place,travelchannel,Fri Apr 11 18:31:13 +0000 2008,Eastern Time (US & Canada),https://pbs.twimg.com/profile_images/539431523179433984/uWnkn3ZS_normal.jpeg,2683,All over the place,travelchannel,Fri Apr 11 18:31:13 +0000 2008,45,false,436
RT @CatHamm: Good advice--and many surprises-- in Daily Detour gallery from @latimestravel's @mrcsreynolds http://t.co/Dw61LX13el http://t.…,9676212,340208,"@LATimes Travel news and more from Chris Reynolds (@mrcsreynolds), Catharine Hamm (@CatHamm), @AHarnagel (Anne Harnagel) and Brady MacDonald @latimesfunland)","Los Angeles, CA",latimestravel,Thu Oct 25 05:30:05 +0000 2007,Pacific Time (US & Canada),https://pbs.twimg.com/profile_images/547145232291074048/X65bDu15_normal.jpeg,4249,"Los Angeles, CA",latimestravel,Thu Oct 25 05:30:05 +0000 2007,5,false,68
RT @arabellabowen: I spy lots of @fodorstravel guides at Boise's B&amp;N! #wanderlust @BNBuzz http://t.co/hoew5rEjKG,16031536,428568,Travel Intelligence to give you insightful observations and recommendations to plan your next getaway.,New York / Traveling the world,fodorstravel,Thu Aug 28 19:34:11 +0000 2008,Eastern Time (US & Canada),https://pbs.twimg.com/profile_images/3079362282/5622e1cc818b5dfb738ffec6b4936d71_normal.png,3510,New York / Traveling the world,fodorstravel,Thu Aug 28 19:34:11 +0000 2008,6,false,701
"Where to eat, stay, and play for 3 days in #Austin http://t.co/9TH7Ts09Jq @BullockMuseum @ElisabetNeyATX @HITWatx http://t.co/9kukhEDpKd",17219108,571291,At home in the world. #tasteintravel,"New York, NY",CNTraveler,Thu Nov 06 20:49:41 +0000 2008,Eastern Time (US & Canada),https://pbs.twimg.com/profile_images/544888156466597888/nkHVKa_W_normal.png,45632,"New York, NY",CNTraveler,Thu Nov 06 20:49:41 +0000 2008,27,false,1277
"#Travel photo #contest going on now on Hotwire's Facebook page. $3,000 trip #giveaway. Enter here: http://t.co/aK4OGwt2Yh",19924137,84486,Hand-picked travel deals at a discount!,"San Francisco, CA",travel_ticker,Mon Feb 02 19:21:06 +0000 2009,Pacific Time (US & Canada),https://pbs.twimg.com/profile_images/1502558724/21777_Twitter_Profile_Picture_normal.png,560,"San Francisco, CA",travel_ticker,Mon Feb 02 19:21:06 +0000 2009,4,false,1
Sometimes the best amenities are the simplest ones: http://t.co/DDZHMFyLN4,7024552,148645,Where to stay when you leave.,,HotelChatter,Fri Jun 22 21:31:09 +0000 2007,Atlantic Time (Canada),https://pbs.twimg.com/profile_images/459810478730924032/0oc-UMC-_normal.jpeg,723,,HotelChatter,Fri Jun 22 21:31:09 +0000 2007,2,false,322
How to choose between #Thailand’s classic gulf islands http://t.co/YCcwPtKyVg #lp #travel http://t.co/ZlL1edVuUF,15066760,1995799,Tweeting (& RT'ing) the best in travel. 1/Follow us 2/Tag your tweets with #lp 3/We read your posts 4/We re-tweet the best of them.,"Everywhere, all the time",lonelyplanet,Mon Jun 09 22:53:07 +0000 2008,,https://pbs.twimg.com/profile_images/3623975823/701a6ec1ac1c53f98c386889214d6310_normal.png,762863,"Everywhere, all the time",lonelyplanet,Mon Jun 09 22:53:07 +0000 2008,79,false,14551
"D-6, the countdown continues: what was your #BestOfTravel2014 moment? http://t.co/buOTSczEoY",19110632,1151888,"Get the latest travel news, articles, reports, guides, special offers, competitions and more from http://t.co/T7bnCm7vZZ - we'd love to hear from you too.",London and the French Riviera,TravelMagazine,Sat Jan 17 13:59:56 +0000 2009,London,https://pbs.twimg.com/profile_images/1828695254/ttm_square_normal.jpg,511,London and the French Riviera,TravelMagazine,Sat Jan 17 13:59:56 +0000 2009,9,false,445
Get your fashion fix in #India's most populous and buzzing city  http://t.co/nz8uJSQ8Ve http://t.co/S7rjjeJ0yZ,36065771,352287,Travel inspiration from the editors of Condé Nast Traveller UK,"London, UK",cntraveller,Tue Apr 28 13:37:05 +0000 2009,London,https://pbs.twimg.com/profile_images/486171939291922432/wgMk_ESI_normal.jpeg,34,"London, UK",cntraveller,Tue Apr 28 13:37:05 +0000 2009,2,false,80
The Lumberjack World Championships is the extreme sporting event you didn't know existed http://t.co/3UQPmgiQuW,36184220,1245901,"Approach travel from every angle: National Geographic Traveler magazine, guides, trips, daily photos & tips. Official account for National Geographic Travel","Washington, D.C. ",NatGeoTravel,Tue Apr 28 21:10:42 +0000 2009,Quito,https://pbs.twimg.com/profile_images/517674723728052224/5Mg1uPhW_normal.jpeg,183,"Washington, D.C. ",NatGeoTravel,Tue Apr 28 21:10:42 +0000 2009,4,false,4647
@macydavenport1 FUN! Check out our NYC holiday guide for more ideas - http://t.co/1ap6Gijn8U,16365636,1802815,Helping travelers plan and have the perfect trip.,,TripAdvisor,Fri Sep 19 16:40:46 +0000 2008,Eastern Time (US & Canada),https://pbs.twimg.com/profile_images/472494793616945153/nAKMJI27_normal.jpeg,3055,,TripAdvisor,Fri Sep 19 16:40:46 +0000 2008,0,false,1716
All #Passport Agencies and Embassies worldwide will be closed 12/25-12/26 for U.S. federal holiday. Emergency Info: http://t.co/R2247CZe3h,15649433,428324,Official Twitter for U.S. Department of State Bureau of Consular Affairs: protecting lives and interests of U.S. citizens overseas. Currently on Duty: Sara,"Washington, DC, USA",TravelGov,Tue Jul 29 18:38:44 +0000 2008,Eastern Time (US & Canada),https://pbs.twimg.com/profile_images/933275449/TravelGov_logo_normal.gif,470,"Washington, DC, USA",TravelGov,Tue Jul 29 18:38:44 +0000 2008,25,false,270
RT @Delta: Drink water. Then drink more. You can lose nearly 1.5 liters of water during a 3-hour flight. #FlySmart,46207622,427161,"The trusted and premier source for all things related to travel, hotels and spas.",Around the world.,ZagatTravel,Wed Jun 10 19:54:07 +0000 2009,Eastern Time (US & Canada),https://pbs.twimg.com/profile_images/3498732105/43c93817bbdc1831631d0d10e274e5be_normal.png,15309,Around the world.,ZagatTravel,Wed Jun 10 19:54:07 +0000 2009,146,false,35
Instagram's top 10 most-visited destinations of the year are... http://t.co/3XMXKPu62i http://t.co/mGuSWnW7Dx,24016767,448444,"Get the latest travel news, deals and trends about flights, hotels, cruises and destinations from the USA TODAY Travel team.","USA TODAY HQ, McLean, Va.",usatodaytravel,Thu Mar 12 19:41:28 +0000 2009,Eastern Time (US & Canada),https://pbs.twimg.com/profile_images/463776448965128194/GAmVBcoq_normal.png,1963,"USA TODAY HQ, McLean, Va.",usatodaytravel,Thu Mar 12 19:41:28 +0000 2009,45,false,406
Find your luggage among the masses by attaching a colored ribbon. We like orange. http://t.co/U0Q1NrusGx,28535982,560300,Compare hundreds of travel sites at once. Search One And Done.,"Stamford, CT",KAYAK,Fri Apr 03 10:10:05 +0000 2009,Eastern Time (US & Canada),https://pbs.twimg.com/profile_images/532560426911817730/iDbNh1WO_normal.png,1304,"Stamford, CT",KAYAK,Fri Apr 03 10:10:05 +0000 2009,2,false,318
Check out our guide to the new @msntravel - plenty of tips on how to make the most of the site! http://t.co/xx5sjm2FXo,18958468,264590,"As your Fareologists @Bing Travel, we'll alert you of travel news, flight deals, best-time-to-buy info, and other industry trends. Tweeps: @nickmontgomery(^nm)","Seattle, WA",fareologist,Tue Jan 13 23:28:26 +0000 2009,Pacific Time (US & Canada),https://pbs.twimg.com/profile_images/378800000468427392/e6e6a38a132196683b6d9740a095431b_normal.png,7155,"Seattle, WA",fareologist,Tue Jan 13 23:28:26 +0000 2009,5,false,2
Behind the Scenes: Your Bag's Journey Through the Airport http://t.co/qyr2Aw8rCB,11856482,487210,"Getting there is half the fun, so the saying goes. Read about top travel news, issues of the day and the joy and hassle of traveling.",,NBCNewsTravel,Fri Jan 04 22:19:38 +0000 2008,Eastern Time (US & Canada),https://pbs.twimg.com/profile_images/431114571760152576/d-1WlpAR_normal.png,1282,,NBCNewsTravel,Fri Jan 04 22:19:38 +0000 2008,8,false,96
9 Things You Should Know Before Booking Your Next Cruise http://t.co/aXCyRnGXtZ,14839646,1155720,Use Twitter to save on travel in popular locations.,San Francisco,travelbargains,Tue May 20 00:28:40 +0000 2008,Pacific Time (US & Canada),https://pbs.twimg.com/profile_images/1343214249/1redtag_twitter_normal.png,3371,San Francisco,travelbargains,Tue May 20 00:28:40 +0000 2008,1,false,3
,62290655,116303,This Twitter handle is no longer active. Please follow us on our new Twitter handle: @United,"Houston, TX",continental,Sun Aug 02 16:22:29 +0000 2009,Central Time (US & Canada),https://abs.twimg.com/sticky/default_profile_images/default_profile_0_normal.png,485,"Houston, TX",continental,Sun Aug 02 16:22:29 +0000 2009,,,0
Only a few hours left! Enter for a chance to win a getaway for two in Belize in @ZOZI's #12DaysofDiscovery: http://t.co/si66ZWbS34,14132853,219458,Discover your next vacation—and the one after that—with SmarterTravel. Our experts deliver fresh travel tips and destination features daily.,"Boston, MA",SmarterTravel,Wed Mar 12 15:34:04 +0000 2008,Pacific Time (US & Canada),https://pbs.twimg.com/profile_images/482580919195168770/GVlV3gOX_normal.jpeg,1029,"Boston, MA",SmarterTravel,Wed Mar 12 15:34:04 +0000 2008,3,false,289
,25166595,155105,This Twitter handle is no longer active. Please follow us on our new Twitter handle: @United,"Chicago, IL",UnitedAirlines,Wed Mar 18 22:03:29 +0000 2009,Central Time (US & Canada),https://abs.twimg.com/sticky/default_profile_images/default_profile_6_normal.png,1313,"Chicago, IL",UnitedAirlines,Wed Mar 18 22:03:29 +0000 2009,,,4
"With renovated museums &amp; stylish hotel and restaurants, here's your travel guide to Vienna: http://t.co/HpZqmxglTc http://t.co/rT5AY26YjP",16211434,1054275,"Your connection to the world of travel, brought to you by our editors. Questions? Stories? Please share! Social media terms: http://t.co/s14tZDmFoi","New York, NY",TravlandLeisure,Tue Sep 09 21:16:34 +0000 2008,Eastern Time (US & Canada),https://pbs.twimg.com/profile_images/3704055283/7830ca91dc1c7e34a27100568e628a93_normal.png,829,"New York, NY",TravlandLeisure,Tue Sep 09 21:16:34 +0000 2008,40,false,6202
Here's my #vine of tonight's #sunset in #StLucia  https://t.co/xqwj5joxiJ http://t.co/N4oRGeoFxQ,17173775,1365967,Hi Everyone! I'm Stef Michaels/Founder+Editor http://t.co/ehNw6HKVjY /Vanity Fair Mag's America's Tweetheart/lifestyle journalist/TV personality/adventurer,Sharing Life's Adventures!,adventuregirl,Wed Nov 05 00:04:51 +0000 2008,Pacific Time (US & Canada),https://pbs.twimg.com/profile_images/464279625544126464/buZUkcdL_normal.jpeg,2564,Sharing Life's Adventures!,adventuregirl,Wed Nov 05 00:04:51 +0000 2008,5,false,1568
Some of the best places to eat Indian food in NYC? Indian chains. (Photo: @esung for NYT) http://t.co/SUpyk7INP7 http://t.co/En72i98m05,1774391,623713,Travel news and features from around the world.,"New York, NY",nytimestravel,Wed Mar 21 17:41:27 +0000 2007,Eastern Time (US & Canada),https://pbs.twimg.com/profile_images/2051674485/NYT_Twitter_travel_normal.png,112,"New York, NY",nytimestravel,Wed Mar 21 17:41:27 +0000 2007,25,false,43
A-Audio Premium Legacy Headphones Offer 3-Stage Listening for Travelers - #travel #spon (cc @AAudioHeadphone) http://t.co/FPmauWsyGs,1930311,196335,"Offbeat world news and dubious travel advice, tips and how-to's from travel geek @AliceNaser (^an) + founding editor/resident smartass @MikeRichard",Massachusetts,vagabondish,Thu Mar 22 19:52:02 +0000 2007,Eastern Time (US & Canada),https://pbs.twimg.com/profile_images/1786122783/hipgeo_-_profile_normal.jpg,4594,Massachusetts,vagabondish,Thu Mar 22 19:52:02 +0000 2007,0,false,246
Tis the season for winter veggies at the @SFFerryBuilding Plaza Farmers Market. #SanFrancisco - #AAAEditor Greg http://t.co/ijyRZAFpag,21662482,371643,Official site of one of the largest US leisure travel agencies. Celebrating 78 Years of professional property inspections. DISCLAIMER: http://t.co/RAV3ntYBZJ,"Heathrow, Fla.",AAA_Travel,Mon Feb 23 15:53:40 +0000 2009,Eastern Time (US & Canada),https://pbs.twimg.com/profile_images/474557999424368640/Sb2Tpn6T_normal.png,1435,"Heathrow, Fla.",AAA_Travel,Mon Feb 23 15:53:40 +0000 2009,2,false,21
@Bookgirl96 Bitch in the House! I loved that book. I swear it got me through a difficult time.,16688389,94851,"Flight attendant / Author of the New York Times bestseller CRUISING ATTITUDE: Tales of Crashpads, Crew Drama and Crazy Passengers.","35,000 feet",Heather_Poole,Fri Oct 10 20:08:13 +0000 2008,Pacific Time (US & Canada),https://pbs.twimg.com/profile_images/547963986084659203/tvDf9c2y_normal.jpeg,3661,"35,000 feet",Heather_Poole,Fri Oct 10 20:08:13 +0000 2008,0,false,9469
,9549352,445668,This account is no longer active. Please follow @british_airways for 24-hour a day customer support and updates.,,BA_USA,Fri Oct 19 19:57:18 +0000 2007,Eastern Time (US & Canada),https://pbs.twimg.com/profile_images/458886614878404608/2Mxgo9qA_normal.jpeg,10,,BA_USA,Fri Oct 19 19:57:18 +0000 2007,,,2
Airlines compete to become first in first class http://t.co/5GrDQShDTa via @WSJ,16632374,75571,"Scott McCartney, Middle Seat columnist for The Wall Street Journal","Dallas, Texas",MiddleSeat,Tue Oct 07 16:47:02 +0000 2008,Central Time (US & Canada),https://pbs.twimg.com/profile_images/67246374/middle-seat-terminal.80x80_normal.png,355,"Dallas, Texas",MiddleSeat,Tue Oct 07 16:47:02 +0000 2008,1,false,0
Need an idea for New Year's Eve? Check out this list of deals: http://t.co/nOmULKGKXb #NYE,14825399,462832,"Tweeting the best travel, entertainment and Local Deals selected by Deal Experts worldwide. Need help? http://t.co/5Kp4iDOF","New York, NY",Travelzoo,Sun May 18 22:37:28 +0000 2008,Pacific Time (US & Canada),https://pbs.twimg.com/profile_images/2648683780/0a09f5a92f132bba1d21bf5dea6f26d7_normal.png,26335,"New York, NY",Travelzoo,Sun May 18 22:37:28 +0000 2008,3,false,186
Enter now for your chance to win return flights to Middle-earth! #PackYourBagginz http://t.co/nn8WuQqvg0 http://t.co/9pzxgokD9m,15182728,189638,"The official home of STA Travel US. Tweeting deals, flash sales and great advice. For our dedicated Customer Service team visit @STATravelCares",,statravelUS,Fri Jun 20 18:26:45 +0000 2008,Central Time (US & Canada),https://pbs.twimg.com/profile_images/479278763125915648/_x30yGV8_normal.png,2115,,statravelUS,Fri Jun 20 18:26:45 +0000 2008,3,false,591
"White House Issues Ambitious Plan to Fight Illegal Fishing: ""Consumers have no way to know they a... http://t.co/ObES1NbVds #greentravel",13385612,225715,Alan A. Lew's News + Links for Greening Travel + Tourism (from Northern Arizona University - NAU),"Flagstaff, Arizona",greentravel,Tue Feb 12 11:54:04 +0000 2008,Arizona,https://pbs.twimg.com/profile_images/54035131/DSC00478c_normal.jpg,115350,"Flagstaff, Arizona",greentravel,Tue Feb 12 11:54:04 +0000 2008,2,false,7
Reviewed Jockey® Slim Fit Cotton Crew - 3 Pack at Jockey - http://t.co/oZ04JKBRb5,23125867,303,Music. Film. Miscellaneous. More. And then some. 1 of 2 Twitter accounts.,Los Angeles,thorstenrhode,Fri Mar 06 22:04:27 +0000 2009,Pacific Time (US & Canada),https://pbs.twimg.com/profile_images/383162195/MiaTwitr_normal.jpg,67,Los Angeles,thorstenrhode,Fri Mar 06 22:04:27 +0000 2009,0,false,0
Save time! Save effort! Download these 6 social media templates now: http://t.co/ucnjG0HtWa http://t.co/bzDbioNYLi,17093617,6390292,Social media news and tips from the world’s most widely used social relationship platform. Sign up for free: http://t.co/Zmrb0hY23s Support: @Hootsuite_Help,"Vancouver, Canada",hootsuite,Fri Oct 31 22:26:54 +0000 2008,Pacific Time (US & Canada),https://pbs.twimg.com/profile_images/473952620160090113/nlkoo80h_normal.jpeg,1604428,"Vancouver, Canada",hootsuite,Fri Oct 31 22:26:54 +0000 2008,31,false,2562
